{"count":1,"gauges":{},"self":0.19910999999999998,"total":0.200758,"children":null}