{"count":1,"gauges":{"My Behavior.CumulativeReward":{"count":1,"max":2.49999881,"min":2.49999881,"value":2.49999881,"weightedAverage":2.49999881}},"self":41.5131296,"total":42.929921,"children":{"AgentSendState":{"count":2127,"self":0.289247,"total":0.48473499999999997,"children":{"CollectObservations":{"count":5112,"self":0.10586899999999999,"total":0.10586899999999999,"children":null},"CollectDiscreteActionMasks":{"count":5112,"self":0.08961899999999999,"total":0.08961899999999999,"children":null}}},"DecideAction":{"count":2127,"self":0.814946,"total":0.814946,"children":null},"AgentAct":{"count":2127,"self":0.11626299999999999,"total":0.11626299999999999,"children":null}}}