{"count":1,"gauges":{},"self":10.120817599999999,"total":10.154304,"children":{"AgentSendState":{"count":496,"self":0.014369999999999999,"total":0.014369999999999999,"children":null},"DecideAction":{"count":496,"self":0.009066,"total":0.009066,"children":null},"AgentAct":{"count":496,"self":0.008738,"total":0.008738,"children":null}}}