{"count":1,"gauges":{},"self":13.25912,"total":16.633592999999998,"children":{"AgentSendState":{"count":818,"self":0.039552,"total":0.048666,"children":{"CollectObservations":{"count":235,"self":0.005045,"total":0.005045,"children":null},"CollectDiscreteActionMasks":{"count":235,"self":0.004069,"total":0.004069,"children":null}}},"DecideAction":{"count":818,"self":3.306089,"total":3.306089,"children":null},"AgentAct":{"count":818,"self":0.018383999999999998,"total":0.018383999999999998,"children":null}}}