{"count":1,"gauges":{},"self":0.15320999999999999,"total":0.154502,"children":null}