{"count":1,"gauges":{},"self":0.159125,"total":0.16073199999999999,"children":null}