{"count":1,"gauges":{},"self":0.157099,"total":0.15856299999999998,"children":null}