{"count":1,"gauges":{"PenguinLearning.CumulativeReward":{"count":6,"max":7.80106735,"min":7.729683,"value":7.729683,"weightedAverage":7.763296}},"self":11.8991752,"total":27.380913999999997,"children":{"AgentSendState":{"count":1354,"self":0.130633,"total":0.21015899999999998,"children":{"CollectObservations":{"count":2703,"self":0.043855,"total":0.043855,"children":null},"CollectDiscreteActionMasks":{"count":2703,"self":0.035671,"total":0.035671,"children":null}}},"DecideAction":{"count":1354,"self":4.5542099999999994,"total":15.215358,"children":{"RayPerceptionSensor.Perceive":{"count":2703,"self":10.661147999999999,"total":10.661147999999999,"children":null}}},"AgentAct":{"count":1354,"self":0.054958,"total":0.054958,"children":null}}}