{"count":1,"gauges":{"My Behavior.CumulativeReward":{"count":12,"max":1.19999993,"min":0.400000244,"value":1.19999993,"weightedAverage":0.947768569}},"self":2.610065,"total":2.899664,"children":{"AgentSendState":{"count":122,"self":0.019562,"total":0.03192,"children":{"CollectObservations":{"count":300,"self":0.006979,"total":0.006979,"children":null},"CollectDiscreteActionMasks":{"count":300,"self":0.005379,"total":0.005379,"children":null}}},"DecideAction":{"count":122,"self":0.244356,"total":0.244356,"children":null},"AgentAct":{"count":122,"self":0.012438999999999999,"total":0.012438999999999999,"children":null}}}