{"count":1,"gauges":{},"self":0.160221,"total":0.16161799999999998,"children":null}