{"count":1,"gauges":{"My Behavior.CumulativeReward":{"count":198,"max":1042.48083,"min":-4.01368666,"value":1.03879321,"weightedAverage":216.989426}},"self":171.3742464,"total":186.837874,"children":{"AgentSendState":{"count":13857,"self":1.897349,"total":4.587714,"children":{"CollectObservations":{"count":30492,"self":2.15437,"total":2.15437,"children":null},"CollectDiscreteActionMasks":{"count":30492,"self":0.535995,"total":0.535995,"children":null}}},"DecideAction":{"count":13857,"self":9.6981431999999987,"total":9.698143,"children":null},"AgentAct":{"count":13857,"self":1.1767429999999999,"total":1.1767429999999999,"children":null}}}