{"count":1,"gauges":{"My Behavior.CumulativeReward":{"count":5,"max":228.221954,"min":-1,"value":68.28737,"weightedAverage":77.98168}},"self":37.832953599999996,"total":40.841812999999995,"children":{"AgentSendState":{"count":3013,"self":0.353531,"total":0.813661,"children":{"CollectObservations":{"count":4824,"self":0.367722,"total":0.367722,"children":null},"CollectDiscreteActionMasks":{"count":4824,"self":0.09240799999999999,"total":0.09240799999999999,"children":null}}},"DecideAction":{"count":3013,"self":2.0356829999999997,"total":2.0356829999999997,"children":null},"AgentAct":{"count":3013,"self":0.158496,"total":0.158496,"children":null}}}