{"count":1,"gauges":{"My Behavior.CumulativeReward":{"count":352,"max":-0.6232006,"min":-2.91661,"value":-0.9808471,"weightedAverage":-1.20558846}},"self":21.383667199999998,"total":24.696137,"children":{"AgentSendState":{"count":1810,"self":0.167771,"total":0.381158,"children":{"CollectObservations":{"count":2896,"self":0.16934,"total":0.16934,"children":null},"CollectDiscreteActionMasks":{"count":2896,"self":0.044046999999999996,"total":0.044046999999999996,"children":null}}},"DecideAction":{"count":1810,"self":2.8532819999999997,"total":2.8532819999999997,"children":null},"AgentAct":{"count":1810,"self":0.077161,"total":0.077161,"children":null}}}