{"count":1,"gauges":{"My Behavior.CumulativeReward":{"count":2,"max":0.15016821,"min":0.08123715,"value":0.15016821,"weightedAverage":0.09846991}},"self":15.4273408,"total":16.73226,"children":{"AgentSendState":{"count":1221,"self":0.167845,"total":0.399929,"children":{"CollectObservations":{"count":2450,"self":0.185992,"total":0.185992,"children":null},"CollectDiscreteActionMasks":{"count":2450,"self":0.046092,"total":0.046092,"children":null}}},"DecideAction":{"count":1221,"self":0.82953099999999991,"total":0.82953099999999991,"children":null},"AgentAct":{"count":1221,"self":0.074377,"total":0.074377,"children":null}}}