{"count":1,"gauges":{"PenguinLearning.CumulativeReward":{"count":2,"max":7.701483,"min":7.66610765,"value":7.701483,"weightedAverage":7.67495155}},"self":65.1176,"total":65.587963,"children":{"AgentSendState":{"count":3272,"self":0.173044,"total":0.289748,"children":{"CollectObservations":{"count":820,"self":0.022900999999999998,"total":0.022900999999999998,"children":null},"CollectDiscreteActionMasks":{"count":820,"self":0.017006,"total":0.017006,"children":null},"RayPerceptionSensor.Perceive":{"count":820,"self":0.07679699999999999,"total":0.07679699999999999,"children":null}}},"DecideAction":{"count":3272,"self":0.068067,"total":0.068067,"children":null},"AgentAct":{"count":3272,"self":0.111272,"total":0.111272,"children":null},"RayPerceptionSensor.Perceive":{"count":2,"self":0.000178,"total":0.000178,"children":null}}}