{"count":1,"gauges":{},"self":15.262182399999999,"total":15.356212,"children":{"AgentSendState":{"count":757,"self":0.035109999999999995,"total":0.060388,"children":{"CollectObservations":{"count":190,"self":0.005621,"total":0.005621,"children":null},"CollectDiscreteActionMasks":{"count":190,"self":0.002917,"total":0.002917,"children":null},"RayPerceptionSensor.Perceive":{"count":190,"self":0.016739999999999998,"total":0.016739999999999998,"children":null}}},"DecideAction":{"count":757,"self":0.012333,"total":0.012333,"children":null},"AgentAct":{"count":757,"self":0.020146,"total":0.020146,"children":null}}}