{"count":1,"gauges":{"PenguinLearning.CumulativeReward":{"count":6,"max":7.788284,"min":7.752126,"value":7.752126,"weightedAverage":7.772615}},"self":16.3155776,"total":33.831265,"children":{"AgentSendState":{"count":1680,"self":0.209247,"total":0.34415599999999996,"children":{"CollectObservations":{"count":3352,"self":0.073718999999999993,"total":0.073718999999999993,"children":null},"CollectDiscreteActionMasks":{"count":3352,"self":0.061189999999999994,"total":0.061189999999999994,"children":null}}},"DecideAction":{"count":1680,"self":9.2466928,"total":17.092035,"children":{"RayPerceptionSensor.Perceive":{"count":3352,"self":7.8453424,"total":7.845342,"children":null}}},"AgentAct":{"count":1680,"self":0.078488,"total":0.078488,"children":null}}}