{"count":1,"gauges":{"My Behavior.CumulativeReward":{"count":3596,"max":1,"min":-1,"value":-1,"weightedAverage":-0.0035148263}},"self":152.62456319999998,"total":187.405899,"children":{"AgentSendState":{"count":9356,"self":2.8628229999999997,"total":5.217356,"children":{"CollectObservations":{"count":67392,"self":1.282568,"total":1.282568,"children":null},"CollectDiscreteActionMasks":{"count":67392,"self":1.071965,"total":1.071965,"children":null}}},"DecideAction":{"count":9356,"self":28.012396799999998,"total":28.012397999999997,"children":null},"AgentAct":{"count":9356,"self":1.5503609999999999,"total":1.5503609999999999,"children":null}}}